timeStamp,elapsed,label,responseCode,responseMessage,threadName,dataType,success,failureMessage,bytes,sentBytes,grpThreads,allThreads,URL,Latency,IdleTime,Connect
1709043630231,126,GET Single User,200,OK,Workload Config 1-2,text,true,,1182,96,4,4,https://reqres.in/api/users/2,126,0,84
1709043630173,232,GET Single User,200,OK,Workload Config 1-1,text,true,,1182,96,5,5,https://reqres.in/api/users/2,232,0,142
1709043630269,162,GET Single User,200,OK,Workload Config 1-3,text,true,,1182,96,5,5,https://reqres.in/api/users/2,162,0,79
1709043630319,145,GET Single User,200,OK,Workload Config 1-4,text,true,,1182,96,6,6,https://reqres.in/api/users/2,145,0,93
1709043630378,169,GET Single User,200,OK,Workload Config 1-5,text,true,,1182,96,8,8,https://reqres.in/api/users/2,169,0,77
1709043630437,173,GET Single User,200,OK,Workload Config 1-6,text,true,,1182,96,9,9,https://reqres.in/api/users/2,173,0,112
1709043630488,157,GET Single User,200,OK,Workload Config 1-7,text,true,,1182,96,10,10,https://reqres.in/api/users/2,157,0,85
1709043630537,134,GET Single User,200,OK,Workload Config 1-8,text,true,,1182,96,10,10,https://reqres.in/api/users/2,134,0,75
1709043630587,146,GET Single User,200,OK,Workload Config 1-9,text,true,,1182,96,11,11,https://reqres.in/api/users/2,146,0,90
1709043630635,151,GET Single User,200,OK,Workload Config 1-10,text,true,,1182,96,12,12,https://reqres.in/api/users/2,151,0,96
1709043630360,432,POST Register,201,Created,Workload Config 1-2,text,true,,901,204,13,13,https://reqres.in/api/users,432,0,0
1709043630407,443,POST Register,201,Created,Workload Config 1-1,text,true,,901,204,13,13,https://reqres.in/api/users,443,0,0
1709043630433,422,POST Register,201,Created,Workload Config 1-3,text,true,,901,204,12,12,https://reqres.in/api/users,422,0,0
1709043630685,170,GET Single User,200,OK,Workload Config 1-11,text,true,,1182,96,12,12,https://reqres.in/api/users/2,170,0,83
1709043630735,150,GET Single User,200,OK,Workload Config 1-12,text,true,,1182,96,11,11,https://reqres.in/api/users/2,150,0,76
1709043630787,130,GET Single User,200,OK,Workload Config 1-13,text,true,,1182,96,12,12,https://reqres.in/api/users/2,130,0,78
1709043630465,456,POST Register,201,Created,Workload Config 1-4,text,true,,900,204,12,12,https://reqres.in/api/users,456,0,0
1709043630548,421,POST Register,201,Created,Workload Config 1-5,text,true,,900,204,12,12,https://reqres.in/api/users,421,0,0
1709043630837,170,GET Single User,200,OK,Workload Config 1-14,text,true,,1182,96,12,12,https://reqres.in/api/users/2,170,0,74
1709043630887,156,GET Single User,200,OK,Workload Config 1-15,text,true,,1182,96,13,13,https://reqres.in/api/users/2,156,0,69
1709043630610,444,POST Register,201,Created,Workload Config 1-6,text,true,,901,204,13,13,https://reqres.in/api/users,444,0,0
1709043630645,415,POST Register,201,Created,Workload Config 1-7,text,true,,901,204,12,12,https://reqres.in/api/users,415,0,0
1709043630939,147,GET Single User,200,OK,Workload Config 1-16,text,true,,1182,96,11,11,https://reqres.in/api/users/2,147,0,80
1709043630672,434,POST Register,201,Created,Workload Config 1-8,text,true,,901,204,12,12,https://reqres.in/api/users,434,0,0
1709043630987,157,GET Single User,200,OK,Workload Config 1-17,text,true,,1182,96,12,12,https://reqres.in/api/users/2,157,0,78
1709043630734,413,POST Register,201,Created,Workload Config 1-9,text,true,,901,204,12,12,https://reqres.in/api/users,413,0,0
1709043631038,143,GET Single User,200,OK,Workload Config 1-18,text,true,,1182,96,11,11,https://reqres.in/api/users/2,143,0,67
1709043630786,432,POST Register,201,Created,Workload Config 1-10,text,true,,901,204,12,12,https://reqres.in/api/users,432,0,0
1709043631088,154,GET Single User,200,OK,Workload Config 1-19,text,true,,1182,96,12,12,https://reqres.in/api/users/2,154,0,83
1709043631138,157,GET Single User,200,OK,Workload Config 1-20,text,true,,1182,96,13,13,https://reqres.in/api/users/2,157,0,68
1709043630885,417,POST Register,201,Created,Workload Config 1-12,text,true,,901,204,13,13,https://reqres.in/api/users,417,0,0
1709043630855,452,POST Register,201,Created,Workload Config 1-11,text,true,,900,204,12,12,https://reqres.in/api/users,452,0,0
1709043631189,149,GET Single User,200,OK,Workload Config 1-21,text,true,,1182,96,11,11,https://reqres.in/api/users/2,148,0,71
1709043630918,437,POST Register,201,Created,Workload Config 1-13,text,true,,901,204,12,12,https://reqres.in/api/users,437,0,0
1709043631239,161,GET Single User,200,OK,Workload Config 1-22,text,true,,1182,96,12,12,https://reqres.in/api/users/2,161,0,71
1709043631008,414,POST Register,201,Created,Workload Config 1-14,text,true,,901,204,12,12,https://reqres.in/api/users,414,0,0
1709043631288,142,GET Single User,200,OK,Workload Config 1-23,text,true,,1182,96,11,11,https://reqres.in/api/users/2,142,0,63
1709043631044,419,POST Register,201,Created,Workload Config 1-15,text,true,,901,204,12,12,https://reqres.in/api/users,419,0,0
1709043631087,426,POST Register,201,Created,Workload Config 1-16,text,true,,905,204,12,12,https://reqres.in/api/users,426,0,0
1709043631339,191,GET Single User,200,OK,Workload Config 1-24,text,true,,1182,96,11,11,https://reqres.in/api/users/2,191,0,77
1709043631389,176,GET Single User,200,OK,Workload Config 1-25,text,true,,1182,96,12,12,https://reqres.in/api/users/2,176,0,85
1709043631145,430,POST Register,201,Created,Workload Config 1-17,text,true,,905,204,12,12,https://reqres.in/api/users,430,0,0
1709043631439,149,GET Single User,200,OK,Workload Config 1-26,text,true,,1182,96,12,12,https://reqres.in/api/users/2,149,0,66
1709043631182,420,POST Register,201,Created,Workload Config 1-18,text,true,,905,204,12,12,https://reqres.in/api/users,420,0,0
1709043631490,162,GET Single User,200,OK,Workload Config 1-27,text,true,,1182,96,12,12,https://reqres.in/api/users/2,162,0,78
1709043631242,413,POST Register,201,Created,Workload Config 1-19,text,true,,904,204,12,12,https://reqres.in/api/users,413,0,0
1709043631541,133,GET Single User,200,OK,Workload Config 1-28,text,true,,1182,96,11,11,https://reqres.in/api/users/2,133,0,73
1709043631580,137,GET Single User,200,OK,Workload Config 1-29,text,true,,1182,96,12,12,https://reqres.in/api/users/2,137,0,87
1709043631296,427,POST Register,201,Created,Workload Config 1-20,text,true,,905,204,12,12,https://reqres.in/api/users,427,0,0
1709043631338,434,POST Register,201,Created,Workload Config 1-21,text,true,,905,204,12,12,https://reqres.in/api/users,434,0,0
1709043631632,175,GET Single User,200,OK,Workload Config 1-30,text,true,,1182,96,12,12,https://reqres.in/api/users/2,175,0,77
1709043631401,408,POST Register,201,Created,Workload Config 1-22,text,true,,905,204,12,12,https://reqres.in/api/users,408,0,0
1709043631695,136,GET Single User,200,OK,Workload Config 1-31,text,true,,1182,96,12,12,https://reqres.in/api/users/2,136,0,62
1709043631432,445,POST Register,201,Created,Workload Config 1-23,text,true,,905,204,12,12,https://reqres.in/api/users,445,0,0
1709043631730,151,GET Single User,200,OK,Workload Config 1-32,text,true,,1182,96,11,11,https://reqres.in/api/users/2,151,0,74
1709043631780,166,GET Single User,200,OK,Workload Config 1-33,text,true,,1182,96,13,13,https://reqres.in/api/users/2,166,0,84
1709043631530,434,POST Register,201,Created,Workload Config 1-24,text,true,,905,204,13,13,https://reqres.in/api/users,434,0,0
1709043631565,416,POST Register,201,Created,Workload Config 1-25,text,true,,905,204,12,12,https://reqres.in/api/users,416,0,0
1709043631589,410,POST Register,201,Created,Workload Config 1-26,text,true,,905,204,12,12,https://reqres.in/api/users,410,0,0
1709043631831,177,GET Single User,200,OK,Workload Config 1-34,text,true,,1182,96,11,11,https://reqres.in/api/users/2,177,0,85
1709043631882,173,GET Single User,200,OK,Workload Config 1-35,text,true,,1182,96,12,12,https://reqres.in/api/users/2,173,0,80
1709043631652,422,POST Register,201,Created,Workload Config 1-27,text,true,,905,204,12,12,https://reqres.in/api/users,422,0,0
1709043631932,149,GET Single User,200,OK,Workload Config 1-36,text,true,,1182,96,11,11,https://reqres.in/api/users/2,149,0,75
1709043631674,449,POST Register,201,Created,Workload Config 1-28,text,true,,905,204,12,12,https://reqres.in/api/users,449,0,0
1709043631718,434,POST Register,201,Created,Workload Config 1-29,text,true,,905,204,12,12,https://reqres.in/api/users,434,0,0
1709043631982,175,GET Single User,200,OK,Workload Config 1-37,text,true,,1182,96,11,11,https://reqres.in/api/users/2,175,0,75
1709043632033,148,GET Single User,200,OK,Workload Config 1-38,text,true,,1182,96,11,11,https://reqres.in/api/users/2,148,0,76
1709043631807,418,POST Register,201,Created,Workload Config 1-30,text,true,,904,204,12,12,https://reqres.in/api/users,418,0,0
1709043632082,179,GET Single User,200,OK,Workload Config 1-39,text,true,,1182,96,12,12,https://reqres.in/api/users/2,179,0,78
1709043632132,145,GET Single User,200,OK,Workload Config 1-40,text,true,,1182,96,12,12,https://reqres.in/api/users/2,145,0,68
1709043631831,449,POST Register,201,Created,Workload Config 1-31,text,true,,905,204,12,12,https://reqres.in/api/users,449,0,0
1709043631881,416,POST Register,201,Created,Workload Config 1-32,text,true,,904,204,12,12,https://reqres.in/api/users,416,0,0
1709043632185,166,GET Single User,200,OK,Workload Config 1-41,text,true,,1182,96,12,12,https://reqres.in/api/users/2,166,0,69
1709043631947,422,POST Register,201,Created,Workload Config 1-33,text,true,,905,204,12,12,https://reqres.in/api/users,422,0,0
1709043632235,148,GET Single User,200,OK,Workload Config 1-42,text,true,,1182,96,11,11,https://reqres.in/api/users/2,148,0,72
1709043632008,430,POST Register,201,Created,Workload Config 1-34,text,true,,905,204,13,13,https://reqres.in/api/users,430,0,0
1709043632284,185,GET Single User,200,OK,Workload Config 1-43,text,true,,1182,96,12,12,https://reqres.in/api/users/2,185,0,72
1709043632335,134,GET Single User,200,OK,Workload Config 1-44,text,true,,1182,96,12,12,https://reqres.in/api/users/2,134,0,59
1709043632056,451,POST Register,201,Created,Workload Config 1-35,text,true,,897,204,13,13,https://reqres.in/api/users,451,0,0
1709043632081,426,POST Register,201,Created,Workload Config 1-36,text,true,,897,204,13,13,https://reqres.in/api/users,426,0,0
1709043632385,122,GET Single User,200,OK,Workload Config 1-45,text,true,,1182,96,13,13,https://reqres.in/api/users/2,122,0,68
1709043632158,421,POST Register,201,Created,Workload Config 1-37,text,true,,897,204,13,13,https://reqres.in/api/users,421,0,0
1709043632435,166,GET Single User,200,OK,Workload Config 1-46,text,true,,1182,96,12,12,https://reqres.in/api/users/2,166,0,87
1709043632181,432,POST Register,201,Created,Workload Config 1-38,text,true,,897,204,12,12,https://reqres.in/api/users,432,0,0
1709043632472,167,GET Single User,200,OK,Workload Config 1-47,text,true,,1182,96,12,12,https://reqres.in/api/users/2,167,0,86
1709043632521,123,GET Single User,200,OK,Workload Config 1-48,text,true,,1182,96,12,12,https://reqres.in/api/users/2,123,0,85
1709043632572,119,GET Single User,200,OK,Workload Config 1-49,text,true,,1182,96,13,13,https://reqres.in/api/users/2,119,0,72
1709043632278,423,POST Register,201,Created,Workload Config 1-40,text,true,,897,204,13,13,https://reqres.in/api/users,423,0,0
1709043632262,446,POST Register,201,Created,Workload Config 1-39,text,true,,897,204,12,12,https://reqres.in/api/users,446,0,0
1709043632622,141,GET Single User,200,OK,Workload Config 1-50,text,true,,1182,96,12,12,https://reqres.in/api/users/2,141,0,84
1709043632352,465,POST Register,201,Created,Workload Config 1-41,text,true,,897,204,13,13,https://reqres.in/api/users,465,0,0
1709043632384,435,POST Register,201,Created,Workload Config 1-42,text,true,,897,204,12,12,https://reqres.in/api/users,435,0,0
1709043632671,161,GET Single User,200,OK,Workload Config 1-51,text,true,,1182,96,12,12,https://reqres.in/api/users/2,161,0,69
1709043632721,170,GET Single User,200,OK,Workload Config 1-52,text,true,,1182,96,13,13,https://reqres.in/api/users/2,170,0,99
1709043632470,439,POST Register,201,Created,Workload Config 1-44,text,true,,897,204,13,13,https://reqres.in/api/users,439,0,0
1709043632508,432,POST Register,201,Created,Workload Config 1-45,text,true,,897,204,13,13,https://reqres.in/api/users,432,0,0
1709043632470,470,POST Register,201,Created,Workload Config 1-43,text,true,,897,204,13,13,https://reqres.in/api/users,470,0,0
1709043632771,188,GET Single User,200,OK,Workload Config 1-53,text,true,,1182,96,11,11,https://reqres.in/api/users/2,188,0,109
1709043632821,177,GET Single User,200,OK,Workload Config 1-54,text,true,,1182,96,12,12,https://reqres.in/api/users/2,177,0,89
1709043632602,412,POST Register,201,Created,Workload Config 1-46,text,true,,897,204,12,12,https://reqres.in/api/users,412,0,0
1709043632870,163,GET Single User,200,OK,Workload Config 1-55,text,true,,1182,96,12,12,https://reqres.in/api/users/2,162,0,86
1709043632639,418,POST Register,201,Created,Workload Config 1-47,text,true,,897,204,12,12,https://reqres.in/api/users,418,0,0
1709043632920,148,GET Single User,200,OK,Workload Config 1-56,text,true,,1182,96,11,11,https://reqres.in/api/users/2,148,0,67
1709043632644,468,POST Register,201,Created,Workload Config 1-48,text,true,,896,204,12,12,https://reqres.in/api/users,468,0,0
1709043632690,429,POST Register,201,Created,Workload Config 1-49,text,true,,897,204,11,11,https://reqres.in/api/users,429,0,0
1709043632970,165,GET Single User,200,OK,Workload Config 1-57,text,true,,1182,96,11,11,https://reqres.in/api/users/2,165,0,76
1709043633020,154,GET Single User,200,OK,Workload Config 1-58,text,true,,1182,96,12,12,https://reqres.in/api/users/2,154,0,79
1709043633070,126,GET Single User,200,OK,Workload Config 1-59,text,true,,1182,96,12,12,https://reqres.in/api/users/2,126,0,85
1709043632763,437,POST Register,201,Created,Workload Config 1-50,text,true,,897,204,12,12,https://reqres.in/api/users,437,0,0
1709043632833,414,POST Register,201,Created,Workload Config 1-51,text,true,,897,204,12,12,https://reqres.in/api/users,414,0,0
1709043633121,133,GET Single User,200,OK,Workload Config 1-60,text,true,,1182,96,11,11,https://reqres.in/api/users/2,133,0,72
1709043632892,421,POST Register,201,Created,Workload Config 1-52,text,true,,897,204,12,12,https://reqres.in/api/users,421,0,0
1709043633222,116,GET Single User,200,OK,Workload Config 1-62,text,true,,1182,96,12,12,https://reqres.in/api/users/2,116,0,68
1709043633170,184,GET Single User,200,OK,Workload Config 1-61,text,true,,1182,96,12,12,https://reqres.in/api/users/2,184,0,80
1709043632959,424,POST Register,201,Created,Workload Config 1-53,text,true,,897,204,13,13,https://reqres.in/api/users,424,0,0
1709043633272,136,GET Single User,200,OK,Workload Config 1-63,text,true,,1182,96,12,12,https://reqres.in/api/users/2,136,0,63
1709043632999,417,POST Register,201,Created,Workload Config 1-54,text,true,,897,204,12,12,https://reqres.in/api/users,417,0,0
1709043633322,106,GET Single User,200,OK,Workload Config 1-64,text,true,,1182,96,12,12,https://reqres.in/api/users/2,106,0,67
1709043633034,440,POST Register,201,Created,Workload Config 1-55,text,true,,897,204,13,13,https://reqres.in/api/users,440,0,0
1709043633069,420,POST Register,201,Created,Workload Config 1-56,text,true,,893,204,12,12,https://reqres.in/api/users,420,0,0
1709043633372,146,GET Single User,200,OK,Workload Config 1-65,text,true,,1182,96,11,11,https://reqres.in/api/users/2,146,0,69
1709043633422,112,GET Single User,200,OK,Workload Config 1-66,text,true,,1182,96,12,12,https://reqres.in/api/users/2,112,0,64
1709043633136,432,POST Register,201,Created,Workload Config 1-57,text,true,,893,204,12,12,https://reqres.in/api/users,432,0,0
1709043633175,429,POST Register,201,Created,Workload Config 1-58,text,true,,893,204,12,12,https://reqres.in/api/users,429,0,0
1709043633197,433,POST Register,201,Created,Workload Config 1-59,text,true,,893,204,12,12,https://reqres.in/api/users,433,0,0
1709043633472,161,GET Single User,200,OK,Workload Config 1-67,text,true,,1182,96,11,11,https://reqres.in/api/users/2,161,0,74
1709043633254,410,POST Register,201,Created,Workload Config 1-60,text,true,,893,204,11,11,https://reqres.in/api/users,410,0,0
1709043633522,155,GET Single User,200,OK,Workload Config 1-68,text,true,,1182,96,11,11,https://reqres.in/api/users/2,155,0,81
1709043633339,421,POST Register,201,Created,Workload Config 1-62,text,true,,893,204,12,12,https://reqres.in/api/users,421,0,0
1709043633622,137,GET Single User,200,OK,Workload Config 1-70,text,true,,1182,96,12,12,https://reqres.in/api/users/2,137,0,61
1709043633572,197,GET Single User,200,OK,Workload Config 1-69,text,true,,1182,96,11,11,https://reqres.in/api/users/2,197,0,78
1709043633671,124,GET Single User,200,OK,Workload Config 1-71,text,true,,1182,96,12,12,https://reqres.in/api/users/2,124,0,62
1709043633355,442,POST Register,201,Created,Workload Config 1-61,text,true,,893,204,12,12,https://reqres.in/api/users,442,0,0
1709043633409,430,POST Register,201,Created,Workload Config 1-63,text,true,,893,204,12,12,https://reqres.in/api/users,430,0,0
1709043633721,156,GET Single User,200,OK,Workload Config 1-72,text,true,,1182,96,12,12,https://reqres.in/api/users/2,156,0,70
1709043633429,452,POST Register,201,Created,Workload Config 1-64,text,true,,892,204,12,12,https://reqres.in/api/users,452,0,0
1709043633770,150,GET Single User,200,OK,Workload Config 1-73,text,true,,1182,96,12,12,https://reqres.in/api/users/2,150,0,74
1709043633519,434,POST Register,201,Created,Workload Config 1-65,text,true,,893,204,12,12,https://reqres.in/api/users,434,0,0
1709043633535,435,POST Register,201,Created,Workload Config 1-66,text,true,,892,204,12,12,https://reqres.in/api/users,435,0,0
1709043633868,102,GET Single User,200,OK,Workload Config 1-75,text,true,,1182,96,12,12,https://reqres.in/api/users/2,102,0,57
1709043633821,157,GET Single User,200,OK,Workload Config 1-74,text,true,,1182,96,11,11,https://reqres.in/api/users/2,157,0,71
1709043633916,94,GET Single User,200,OK,Workload Config 1-76,text,true,,1182,96,11,11,https://reqres.in/api/users/2,94,0,52
1709043633634,453,POST Register,201,Created,Workload Config 1-67,text,true,,893,204,13,13,https://reqres.in/api/users,453,0,0
1709043633678,437,POST Register,201,Created,Workload Config 1-68,text,true,,893,204,12,12,https://reqres.in/api/users,437,0,0
1709043633966,152,GET Single User,200,OK,Workload Config 1-77,text,true,,1182,96,12,12,https://reqres.in/api/users/2,152,0,76
1709043634016,120,GET Single User,200,OK,Workload Config 1-78,text,true,,1182,96,12,12,https://reqres.in/api/users/2,120,0,76
1709043633760,428,POST Register,201,Created,Workload Config 1-70,text,true,,893,204,13,13,https://reqres.in/api/users,428,0,0
1709043633770,442,POST Register,201,Created,Workload Config 1-69,text,true,,893,204,12,12,https://reqres.in/api/users,442,0,0
1709043633795,434,POST Register,201,Created,Workload Config 1-71,text,true,,893,204,12,12,https://reqres.in/api/users,434,0,0
1709043634065,219,GET Single User,200,OK,Workload Config 1-79,text,true,,1182,96,12,12,https://reqres.in/api/users/2,219,0,79
1709043634116,192,GET Single User,200,OK,Workload Config 1-80,text,true,,1182,96,12,12,https://reqres.in/api/users/2,192,0,81
1709043634165,152,GET Single User,200,OK,Workload Config 1-81,text,true,,1182,96,13,13,https://reqres.in/api/users/2,152,0,67
1709043633877,441,POST Register,201,Created,Workload Config 1-72,text,true,,893,204,13,13,https://reqres.in/api/users,441,0,0
1709043633920,422,POST Register,201,Created,Workload Config 1-73,text,true,,893,204,12,12,https://reqres.in/api/users,422,0,0
1709043634214,133,GET Single User,200,OK,Workload Config 1-82,text,true,,1182,96,11,11,https://reqres.in/api/users/2,133,0,73
1709043633971,409,POST Register,201,Created,Workload Config 1-75,text,true,,893,204,12,12,https://reqres.in/api/users,409,0,0
1709043634265,146,GET Single User,200,OK,Workload Config 1-83,text,true,,1182,96,11,11,https://reqres.in/api/users/2,146,0,62
1709043633979,438,POST Register,201,Created,Workload Config 1-74,text,true,,893,204,12,12,https://reqres.in/api/users,438,0,0
1709043634010,433,POST Register,201,Created,Workload Config 1-76,text,true,,893,204,11,11,https://reqres.in/api/users,433,0,0
1709043634314,136,GET Single User,200,OK,Workload Config 1-84,text,true,,1182,96,10,10,https://reqres.in/api/users/2,136,0,61
1709043634365,144,GET Single User,200,OK,Workload Config 1-85,text,true,,1182,96,11,11,https://reqres.in/api/users/2,144,0,65
1709043634415,128,GET Single User,200,OK,Workload Config 1-86,text,true,,1182,96,12,12,https://reqres.in/api/users/2,128,0,88
1709043634137,407,POST Register,201,Created,Workload Config 1-78,text,true,,897,204,12,12,https://reqres.in/api/users,407,0,0
1709043634119,437,POST Register,201,Created,Workload Config 1-77,text,true,,897,204,11,11,https://reqres.in/api/users,437,0,0
1709043634465,167,GET Single User,200,OK,Workload Config 1-87,text,true,,1182,96,12,12,https://reqres.in/api/users/2,167,0,84
1709043634514,153,GET Single User,200,OK,Workload Config 1-88,text,true,,1182,96,13,13,https://reqres.in/api/users/2,153,0,73
1709043634564,138,GET Single User,200,OK,Workload Config 1-89,text,true,,1182,96,13,13,https://reqres.in/api/users/2,138,0,63
1709043634285,424,POST Register,201,Created,Workload Config 1-79,text,true,,897,204,13,13,https://reqres.in/api/users,424,0,0
1709043634309,427,POST Register,201,Created,Workload Config 1-80,text,true,,897,204,13,13,https://reqres.in/api/users,427,0,0
1709043634317,427,POST Register,201,Created,Workload Config 1-81,text,true,,897,204,12,12,https://reqres.in/api/users,427,0,0
1709043634348,410,POST Register,201,Created,Workload Config 1-82,text,true,,897,204,11,11,https://reqres.in/api/users,410,0,0
1709043634614,156,GET Single User,200,OK,Workload Config 1-90,text,true,,1182,96,11,11,https://reqres.in/api/users/2,156,0,70
1709043634664,160,GET Single User,200,OK,Workload Config 1-91,text,true,,1182,96,12,12,https://reqres.in/api/users/2,160,0,65
1709043634412,414,POST Register,201,Created,Workload Config 1-83,text,true,,897,204,12,12,https://reqres.in/api/users,414,0,0
1709043634714,141,GET Single User,200,OK,Workload Config 1-92,text,true,,1182,96,11,11,https://reqres.in/api/users/2,141,0,69
1709043634450,428,POST Register,201,Created,Workload Config 1-84,text,true,,897,204,12,12,https://reqres.in/api/users,428,0,0
1709043634764,165,GET Single User,200,OK,Workload Config 1-93,text,true,,1182,96,12,12,https://reqres.in/api/users/2,165,0,84
1709043634812,121,GET Single User,200,OK,Workload Config 1-94,text,true,,1182,96,12,12,https://reqres.in/api/users/2,121,0,75
1709043634510,430,POST Register,201,Created,Workload Config 1-85,text,true,,897,204,12,12,https://reqres.in/api/users,430,0,0
1709043634544,420,POST Register,201,Created,Workload Config 1-86,text,true,,897,204,12,12,https://reqres.in/api/users,420,0,0
1709043634863,171,GET Single User,200,OK,Workload Config 1-95,text,true,,1182,96,12,12,https://reqres.in/api/users/2,171,0,94
1709043634633,415,POST Register,201,Created,Workload Config 1-87,text,true,,897,204,12,12,https://reqres.in/api/users,415,0,0
1709043634914,152,GET Single User,200,OK,Workload Config 1-96,text,true,,1182,96,12,12,https://reqres.in/api/users/2,152,0,70
1709043634965,139,GET Single User,200,OK,Workload Config 1-97,text,true,,1182,96,12,12,https://reqres.in/api/users/2,139,0,67
1709043634668,440,POST Register,201,Created,Workload Config 1-88,text,true,,897,204,12,12,https://reqres.in/api/users,440,0,0
1709043634703,416,POST Register,201,Created,Workload Config 1-89,text,true,,897,204,12,12,https://reqres.in/api/users,416,0,0
1709043635016,154,GET Single User,200,OK,Workload Config 1-98,text,true,,1182,96,12,12,https://reqres.in/api/users/2,154,0,70
1709043634770,421,POST Register,201,Created,Workload Config 1-90,text,true,,897,204,12,12,https://reqres.in/api/users,421,0,0
1709043635065,141,GET Single User,200,OK,Workload Config 1-99,text,true,,1182,96,11,11,https://reqres.in/api/users/2,141,0,67
1709043634825,414,POST Register,201,Created,Workload Config 1-91,text,true,,897,204,12,12,https://reqres.in/api/users,414,0,0
1709043635116,174,GET Single User,200,OK,Workload Config 1-100,text,true,,1182,96,12,12,https://reqres.in/api/users/2,174,0,84
1709043634856,448,POST Register,201,Created,Workload Config 1-92,text,true,,897,204,12,12,https://reqres.in/api/users,448,0,0
1709043635167,148,GET Single User,200,OK,Workload Config 1-101,text,true,,1182,96,11,11,https://reqres.in/api/users/2,148,0,61
1709043634929,432,POST Register,201,Created,Workload Config 1-93,text,true,,897,204,12,12,https://reqres.in/api/users,432,0,0
1709043635216,162,GET Single User,200,OK,Workload Config 1-102,text,true,,1182,96,12,12,https://reqres.in/api/users/2,162,0,68
1709043634934,454,POST Register,201,Created,Workload Config 1-94,text,true,,896,204,12,12,https://reqres.in/api/users,454,0,0
1709043635265,170,GET Single User,200,OK,Workload Config 1-103,text,true,,1182,96,12,12,https://reqres.in/api/users/2,170,0,69
1709043635034,420,POST Register,201,Created,Workload Config 1-95,text,true,,897,204,12,12,https://reqres.in/api/users,420,0,0
1709043635316,152,GET Single User,200,OK,Workload Config 1-104,text,true,,1182,96,12,12,https://reqres.in/api/users/2,152,0,72
1709043635067,432,POST Register,201,Created,Workload Config 1-96,text,true,,897,204,12,12,https://reqres.in/api/users,432,0,0
1709043635364,144,GET Single User,200,OK,Workload Config 1-105,text,true,,1182,96,11,11,https://reqres.in/api/users/2,144,0,69
1709043635105,422,POST Register,201,Created,Workload Config 1-97,text,true,,897,204,12,12,https://reqres.in/api/users,422,0,0
1709043635414,144,GET Single User,200,OK,Workload Config 1-106,text,true,,1182,96,11,11,https://reqres.in/api/users/2,144,0,69
1709043635170,447,POST Register,201,Created,Workload Config 1-98,text,true,,897,204,13,13,https://reqres.in/api/users,447,0,0
1709043635465,162,GET Single User,200,OK,Workload Config 1-107,text,true,,1182,96,12,12,https://reqres.in/api/users/2,162,0,70
1709043635207,438,POST Register,201,Created,Workload Config 1-99,text,true,,897,204,12,12,https://reqres.in/api/users,438,0,0
1709043635514,158,GET Single User,200,OK,Workload Config 1-108,text,true,,1182,96,12,12,https://reqres.in/api/users/2,158,0,78
1709043635291,433,POST Register,201,Created,Workload Config 1-100,text,true,,897,204,13,13,https://reqres.in/api/users,433,0,0
1709043635315,418,POST Register,201,Created,Workload Config 1-101,text,true,,897,204,12,12,https://reqres.in/api/users,418,0,0
1709043635564,169,GET Single User,200,OK,Workload Config 1-109,text,true,,1182,96,12,12,https://reqres.in/api/users/2,169,0,90
1709043635615,136,GET Single User,200,OK,Workload Config 1-110,text,true,,1182,96,11,11,https://reqres.in/api/users/2,136,0,59
1709043635379,415,POST Register,201,Created,Workload Config 1-102,text,true,,897,204,12,12,https://reqres.in/api/users,415,0,0
1709043635668,142,GET Single User,200,OK,Workload Config 1-111,text,true,,1182,96,11,11,https://reqres.in/api/users/2,142,0,63
1709043635714,143,GET Single User,200,OK,Workload Config 1-112,text,true,,1182,96,12,12,https://reqres.in/api/users/2,143,0,63
1709043635436,430,POST Register,201,Created,Workload Config 1-103,text,true,,897,204,13,13,https://reqres.in/api/users,430,0,0
1709043635469,428,POST Register,201,Created,Workload Config 1-104,text,true,,897,204,12,12,https://reqres.in/api/users,428,0,0
1709043635765,169,GET Single User,200,OK,Workload Config 1-113,text,true,,1182,96,12,12,https://reqres.in/api/users/2,169,0,81
1709043635509,435,POST Register,201,Created,Workload Config 1-105,text,true,,897,204,12,12,https://reqres.in/api/users,435,0,0
1709043635815,170,GET Single User,200,OK,Workload Config 1-114,text,true,,1182,96,12,12,https://reqres.in/api/users/2,170,0,78
1709043635559,436,POST Register,201,Created,Workload Config 1-106,text,true,,897,204,12,12,https://reqres.in/api/users,436,0,0
1709043635865,159,GET Single User,200,OK,Workload Config 1-115,text,true,,1182,96,12,12,https://reqres.in/api/users/2,159,0,84
1709043635628,433,POST Register,201,Created,Workload Config 1-107,text,true,,897,204,12,12,https://reqres.in/api/users,433,0,0
1709043635914,156,GET Single User,200,OK,Workload Config 1-116,text,true,,1182,96,12,12,https://reqres.in/api/users/2,156,0,75
1709043635672,417,POST Register,201,Created,Workload Config 1-108,text,true,,897,204,12,12,https://reqres.in/api/users,417,0,0
1709043635964,138,GET Single User,200,OK,Workload Config 1-117,text,true,,1182,96,11,11,https://reqres.in/api/users/2,138,0,59
1709043635733,421,POST Register,201,Created,Workload Config 1-109,text,true,,897,204,12,12,https://reqres.in/api/users,421,0,0
1709043636017,170,GET Single User,200,OK,Workload Config 1-118,text,true,,1182,96,12,12,https://reqres.in/api/users/2,170,0,74
1709043636065,125,GET Single User,200,OK,Workload Config 1-119,text,true,,1182,96,12,12,https://reqres.in/api/users/2,125,0,82
1709043635751,442,POST Register,201,Created,Workload Config 1-110,text,true,,897,204,12,12,https://reqres.in/api/users,442,0,0
1709043635810,438,POST Register,201,Created,Workload Config 1-111,text,true,,897,204,12,12,https://reqres.in/api/users,438,0,0
1709043636115,148,GET Single User,200,OK,Workload Config 1-120,text,true,,1182,96,11,11,https://reqres.in/api/users/2,148,0,75
1709043635858,413,POST Register,201,Created,Workload Config 1-112,text,true,,897,204,12,12,https://reqres.in/api/users,413,0,0
1709043636165,172,GET Single User,200,OK,Workload Config 1-121,text,true,,1182,96,12,12,https://reqres.in/api/users/2,172,0,90
1709043635935,416,POST Register,201,Created,Workload Config 1-113,text,true,,897,204,12,12,https://reqres.in/api/users,416,0,0
1709043636214,150,GET Single User,200,OK,Workload Config 1-122,text,true,,1182,96,11,11,https://reqres.in/api/users/2,150,0,70
1709043635986,431,POST Register,201,Created,Workload Config 1-114,text,true,,896,204,13,13,https://reqres.in/api/users,431,0,0
1709043636267,165,GET Single User,200,OK,Workload Config 1-123,text,true,,1182,96,12,12,https://reqres.in/api/users/2,165,0,79
1709043636024,417,POST Register,201,Created,Workload Config 1-115,text,true,,897,204,12,12,https://reqres.in/api/users,417,0,0
1709043636315,152,GET Single User,200,OK,Workload Config 1-124,text,true,,1182,96,12,12,https://reqres.in/api/users/2,152,0,80
1709043636071,431,POST Register,201,Created,Workload Config 1-116,text,true,,897,204,12,12,https://reqres.in/api/users,431,0,0
1709043636103,415,POST Register,201,Created,Workload Config 1-117,text,true,,897,204,12,12,https://reqres.in/api/users,415,0,0
1709043636365,159,GET Single User,200,OK,Workload Config 1-125,text,true,,1182,96,11,11,https://reqres.in/api/users/2,159,0,82
1709043636414,146,GET Single User,200,OK,Workload Config 1-126,text,true,,1182,96,11,11,https://reqres.in/api/users/2,146,0,69
1709043636464,108,GET Single User,200,OK,Workload Config 1-127,text,true,,1182,96,12,12,https://reqres.in/api/users/2,108,0,70
1709043636514,120,GET Single User,200,OK,Workload Config 1-128,text,true,,1182,96,13,13,https://reqres.in/api/users/2,120,0,67
1709043636188,452,POST Register,201,Created,Workload Config 1-118,text,true,,897,204,13,13,https://reqres.in/api/users,452,0,0
1709043636191,457,POST Register,201,Created,Workload Config 1-119,text,true,,897,204,12,12,https://reqres.in/api/users,457,0,0
1709043636264,421,POST Register,201,Created,Workload Config 1-120,text,true,,897,204,12,12,https://reqres.in/api/users,421,0,0
1709043636564,162,GET Single User,200,OK,Workload Config 1-129,text,true,,1182,96,12,12,https://reqres.in/api/users/2,162,0,72
1709043636339,427,POST Register,201,Created,Workload Config 1-121,text,true,,897,204,13,13,https://reqres.in/api/users,427,0,0
1709043636613,168,GET Single User,200,OK,Workload Config 1-130,text,true,,1182,96,12,12,https://reqres.in/api/users/2,168,0,87
1709043636365,421,POST Register,201,Created,Workload Config 1-122,text,true,,897,204,12,12,https://reqres.in/api/users,421,0,0
1709043636664,133,GET Single User,200,OK,Workload Config 1-131,text,true,,1182,96,11,11,https://reqres.in/api/users/2,133,0,83
1709043636432,424,POST Register,201,Created,Workload Config 1-123,text,true,,897,204,12,12,https://reqres.in/api/users,424,0,0
1709043636714,160,GET Single User,200,OK,Workload Config 1-132,text,true,,1182,96,12,12,https://reqres.in/api/users/2,160,0,77
1709043636468,415,POST Register,201,Created,Workload Config 1-124,text,true,,897,204,12,12,https://reqres.in/api/users,415,0,0
1709043636763,176,GET Single User,200,OK,Workload Config 1-133,text,true,,1182,96,12,12,https://reqres.in/api/users/2,176,0,83
1709043636525,429,POST Register,201,Created,Workload Config 1-125,text,true,,897,204,12,12,https://reqres.in/api/users,429,0,0
1709043636813,149,GET Single User,200,OK,Workload Config 1-134,text,true,,1182,96,12,12,https://reqres.in/api/users/2,149,0,68
1709043636561,428,POST Register,201,Created,Workload Config 1-126,text,true,,897,204,12,12,https://reqres.in/api/users,428,0,0
1709043636863,153,GET Single User,200,OK,Workload Config 1-135,text,true,,1182,96,12,12,https://reqres.in/api/users/2,153,0,79
1709043636573,446,POST Register,201,Created,Workload Config 1-127,text,true,,897,204,12,12,https://reqres.in/api/users,446,0,0
1709043636914,139,GET Single User,200,OK,Workload Config 1-136,text,true,,1182,96,11,11,https://reqres.in/api/users/2,138,0,67
1709043636635,435,POST Register,201,Created,Workload Config 1-128,text,true,,897,204,12,12,https://reqres.in/api/users,435,0,0
1709043636962,165,GET Single User,200,OK,Workload Config 1-137,text,true,,1182,96,12,12,https://reqres.in/api/users/2,165,0,67
1709043636726,423,POST Register,201,Created,Workload Config 1-129,text,true,,897,204,12,12,https://reqres.in/api/users,423,0,0
1709043637013,158,GET Single User,200,OK,Workload Config 1-138,text,true,,1182,96,12,12,https://reqres.in/api/users/2,158,0,69
1709043637062,167,GET Single User,200,OK,Workload Config 1-139,text,true,,1182,96,13,13,https://reqres.in/api/users/2,167,0,70
1709043636781,450,POST Register,201,Created,Workload Config 1-130,text,true,,897,204,13,13,https://reqres.in/api/users,450,0,0
1709043636798,437,POST Register,201,Created,Workload Config 1-131,text,true,,897,204,12,12,https://reqres.in/api/users,437,0,0
1709043637112,140,GET Single User,200,OK,Workload Config 1-140,text,true,,1182,96,11,11,https://reqres.in/api/users/2,140,0,65
1709043636875,423,POST Register,201,Created,Workload Config 1-132,text,true,,897,204,12,12,https://reqres.in/api/users,423,0,0
1709043637163,146,GET Single User,200,OK,Workload Config 1-141,text,true,,1182,96,11,11,https://reqres.in/api/users/2,146,0,62
1709043637212,159,GET Single User,200,OK,Workload Config 1-142,text,true,,1182,96,13,13,https://reqres.in/api/users/2,159,0,64
1709043636940,432,POST Register,201,Created,Workload Config 1-133,text,true,,897,204,13,13,https://reqres.in/api/users,432,0,0
1709043636963,414,POST Register,201,Created,Workload Config 1-134,text,true,,897,204,12,12,https://reqres.in/api/users,414,0,0
1709043637262,179,GET Single User,200,OK,Workload Config 1-143,text,true,,1182,96,12,12,https://reqres.in/api/users/2,179,0,69
1709043637314,137,GET Single User,200,OK,Workload Config 1-144,text,true,,1182,96,12,12,https://reqres.in/api/users/2,137,0,84
1709043637018,434,POST Register,201,Created,Workload Config 1-135,text,true,,897,204,12,12,https://reqres.in/api/users,434,0,0
1709043637053,423,POST Register,201,Created,Workload Config 1-136,text,true,,913,204,12,12,https://reqres.in/api/users,423,0,0
1709043637361,151,GET Single User,200,OK,Workload Config 1-145,text,true,,1182,96,12,12,https://reqres.in/api/users/2,151,0,73
1709043637172,418,POST Register,201,Created,Workload Config 1-138,text,true,,912,204,13,13,https://reqres.in/api/users,418,0,0
1709043637411,179,GET Single User,200,OK,Workload Config 1-146,text,true,,1182,96,13,13,https://reqres.in/api/users/2,179,0,74
1709043637461,134,GET Single User,200,OK,Workload Config 1-147,text,true,,1182,96,12,12,https://reqres.in/api/users/2,134,0,69
1709043637128,490,POST Register,201,Created,Workload Config 1-137,text,true,,913,204,13,13,https://reqres.in/api/users,490,0,0
1709043637511,132,GET Single User,200,OK,Workload Config 1-148,text,true,,1182,96,12,12,https://reqres.in/api/users/2,132,0,88
1709043637230,436,POST Register,201,Created,Workload Config 1-139,text,true,,912,204,13,13,https://reqres.in/api/users,436,0,0
1709043637253,422,POST Register,201,Created,Workload Config 1-140,text,true,,913,204,12,12,https://reqres.in/api/users,422,0,0
1709043637561,150,GET Single User,200,OK,Workload Config 1-149,text,true,,1182,96,12,12,https://reqres.in/api/users/2,150,0,79
1709043637611,103,GET Single User,200,OK,Workload Config 1-150,text,true,,1182,96,12,12,https://reqres.in/api/users/2,103,0,62
1709043637310,412,POST Register,201,Created,Workload Config 1-141,text,true,,913,204,12,12,https://reqres.in/api/users,412,0,0
1709043637372,441,POST Register,201,Created,Workload Config 1-142,text,true,,912,204,13,13,https://reqres.in/api/users,441,0,0
1709043637661,188,GET Single User,200,OK,Workload Config 1-151,text,true,,1182,96,12,12,https://reqres.in/api/users/2,188,0,75
1709043637710,140,GET Single User,200,OK,Workload Config 1-152,text,true,,1182,96,12,12,https://reqres.in/api/users/2,140,0,66
1709043637441,423,POST Register,201,Created,Workload Config 1-143,text,true,,913,204,13,13,https://reqres.in/api/users,423,0,0
1709043637451,425,POST Register,201,Created,Workload Config 1-144,text,true,,913,204,12,12,https://reqres.in/api/users,425,0,0
1709043637760,151,GET Single User,200,OK,Workload Config 1-153,text,true,,1182,96,12,12,https://reqres.in/api/users/2,151,0,72
1709043637513,442,POST Register,201,Created,Workload Config 1-145,text,true,,913,204,12,12,https://reqres.in/api/users,442,0,0
1709043637810,164,GET Single User,200,OK,Workload Config 1-154,text,true,,1182,96,12,12,https://reqres.in/api/users/2,164,0,77
1709043637860,159,GET Single User,200,OK,Workload Config 1-155,text,true,,1182,96,13,13,https://reqres.in/api/users/2,159,0,79
1709043637596,426,POST Register,201,Created,Workload Config 1-147,text,true,,913,204,13,13,https://reqres.in/api/users,426,0,0
1709043637910,115,GET Single User,200,OK,Workload Config 1-156,text,true,,1182,96,12,12,https://reqres.in/api/users/2,115,0,70
1709043637591,437,POST Register,201,Created,Workload Config 1-146,text,true,,912,204,12,12,https://reqres.in/api/users,437,0,0
1709043637643,443,POST Register,201,Created,Workload Config 1-148,text,true,,913,204,12,12,https://reqres.in/api/users,443,0,0
1709043637960,184,GET Single User,200,OK,Workload Config 1-157,text,true,,1182,96,12,12,https://reqres.in/api/users/2,184,0,90
1709043637715,432,POST Register,201,Created,Workload Config 1-150,text,true,,913,204,12,12,https://reqres.in/api/users,432,0,0
1709043637712,440,POST Register,201,Created,Workload Config 1-149,text,true,,913,204,11,11,https://reqres.in/api/users,440,0,0
1709043638009,150,GET Single User,200,OK,Workload Config 1-158,text,true,,1182,96,10,10,https://reqres.in/api/users/2,150,0,71
1709043638060,150,GET Single User,200,OK,Workload Config 1-159,text,true,,1182,96,11,11,https://reqres.in/api/users/2,150,0,61
1709043637850,420,POST Register,201,Created,Workload Config 1-152,text,true,,913,204,13,13,https://reqres.in/api/users,420,0,0
1709043637849,429,POST Register,201,Created,Workload Config 1-151,text,true,,912,204,12,12,https://reqres.in/api/users,429,0,0
1709043638109,190,GET Single User,200,OK,Workload Config 1-160,text,true,,1182,96,11,11,https://reqres.in/api/users/2,190,0,63
1709043637911,416,POST Register,201,Created,Workload Config 1-153,text,true,,913,204,12,12,https://reqres.in/api/users,416,0,0
1709043638160,171,GET Single User,200,OK,Workload Config 1-161,text,true,,1182,96,11,11,https://reqres.in/api/users/2,171,0,78
1709043638211,148,GET Single User,200,OK,Workload Config 1-162,text,true,,1182,96,12,12,https://reqres.in/api/users/2,148,0,74
1709043637974,423,POST Register,201,Created,Workload Config 1-154,text,true,,913,204,12,12,https://reqres.in/api/users,423,0,0
1709043638262,152,GET Single User,200,OK,Workload Config 1-163,text,true,,1182,96,12,12,https://reqres.in/api/users/2,152,0,70
1709043638025,412,POST Register,201,Created,Workload Config 1-156,text,true,,911,204,12,12,https://reqres.in/api/users,412,0,0
1709043638019,423,POST Register,201,Created,Workload Config 1-155,text,true,,912,204,11,11,https://reqres.in/api/users,423,0,0
1709043638311,179,GET Single User,200,OK,Workload Config 1-164,text,true,,1182,96,11,11,https://reqres.in/api/users/2,179,0,92
1709043638360,154,GET Single User,200,OK,Workload Config 1-165,text,true,,1182,96,12,12,https://reqres.in/api/users/2,154,0,76
1709043638409,159,GET Single User,200,OK,Workload Config 1-166,text,true,,1182,96,13,13,https://reqres.in/api/users/2,159,0,78
1709043638159,418,POST Register,201,Created,Workload Config 1-158,text,true,,901,204,13,13,https://reqres.in/api/users,418,0,0
1709043638144,450,POST Register,201,Created,Workload Config 1-157,text,true,,901,204,12,12,https://reqres.in/api/users,450,0,0
1709043638459,147,GET Single User,200,OK,Workload Config 1-167,text,true,,1182,96,11,11,https://reqres.in/api/users/2,147,0,70
1709043638211,430,POST Register,201,Created,Workload Config 1-159,text,true,,901,204,12,12,https://reqres.in/api/users,430,0,0
1709043638510,163,GET Single User,200,OK,Workload Config 1-168,text,true,,1182,96,12,12,https://reqres.in/api/users/2,163,0,66
1709043638561,127,GET Single User,200,OK,Workload Config 1-169,text,true,,1182,96,12,12,https://reqres.in/api/users/2,127,0,75
1709043638299,413,POST Register,201,Created,Workload Config 1-160,text,true,,901,204,13,13,https://reqres.in/api/users,413,0,0
1709043638608,174,GET Single User,200,OK,Workload Config 1-170,text,true,,1182,96,13,13,https://reqres.in/api/users/2,174,0,76
1709043638331,454,POST Register,201,Created,Workload Config 1-161,text,true,,900,204,13,13,https://reqres.in/api/users,454,0,0
1709043638360,441,POST Register,201,Created,Workload Config 1-162,text,true,,901,204,12,12,https://reqres.in/api/users,441,0,0
1709043638659,152,GET Single User,200,OK,Workload Config 1-171,text,true,,1182,96,12,12,https://reqres.in/api/users/2,152,0,73
1709043638414,434,POST Register,201,Created,Workload Config 1-163,text,true,,901,204,12,12,https://reqres.in/api/users,434,0,0
1709043638759,108,GET Single User,200,OK,Workload Config 1-173,text,true,,1182,96,12,12,https://reqres.in/api/users/2,108,0,70
1709043638709,167,GET Single User,200,OK,Workload Config 1-172,text,true,,1182,96,12,12,https://reqres.in/api/users/2,167,0,77
1709043638514,409,POST Register,201,Created,Workload Config 1-165,text,true,,901,204,13,13,https://reqres.in/api/users,409,0,0
1709043638491,436,POST Register,201,Created,Workload Config 1-164,text,true,,901,204,12,12,https://reqres.in/api/users,436,0,0
1709043638807,174,GET Single User,200,OK,Workload Config 1-174,text,true,,1182,96,12,12,https://reqres.in/api/users/2,174,0,67
1709043638859,156,GET Single User,200,OK,Workload Config 1-175,text,true,,1182,96,13,13,https://reqres.in/api/users/2,156,0,75
1709043638569,448,POST Register,201,Created,Workload Config 1-166,text,true,,901,204,13,13,https://reqres.in/api/users,448,0,0
1709043638908,117,GET Single User,200,OK,Workload Config 1-176,text,true,,1182,96,12,12,https://reqres.in/api/users/2,117,0,71
1709043638607,421,POST Register,201,Created,Workload Config 1-167,text,true,,901,204,12,12,https://reqres.in/api/users,421,0,0
1709043638957,122,GET Single User,200,OK,Workload Config 1-177,text,true,,1182,96,12,12,https://reqres.in/api/users/2,122,0,69
1709043638673,421,POST Register,201,Created,Workload Config 1-168,text,true,,901,204,12,12,https://reqres.in/api/users,421,0,0
1709043638689,445,POST Register,201,Created,Workload Config 1-169,text,true,,901,204,12,12,https://reqres.in/api/users,445,0,0
1709043639008,151,GET Single User,200,OK,Workload Config 1-178,text,true,,1182,96,11,11,https://reqres.in/api/users/2,151,0,68
1709043639058,135,GET Single User,200,OK,Workload Config 1-179,text,true,,1182,96,12,12,https://reqres.in/api/users/2,135,0,73
1709043638783,425,POST Register,201,Created,Workload Config 1-170,text,true,,901,204,12,12,https://reqres.in/api/users,425,0,0
1709043638812,423,POST Register,201,Created,Workload Config 1-171,text,true,,901,204,12,12,https://reqres.in/api/users,423,0,0
1709043639121,169,GET Single User,200,OK,Workload Config 1-180,text,true,,1182,96,12,12,https://reqres.in/api/users/2,169,0,84
1709043638867,424,POST Register,201,Created,Workload Config 1-173,text,true,,901,204,12,12,https://reqres.in/api/users,424,0,0
1709043638877,438,POST Register,201,Created,Workload Config 1-172,text,true,,901,204,12,12,https://reqres.in/api/users,438,0,0
1709043639169,146,GET Single User,200,OK,Workload Config 1-181,text,true,,1182,96,12,12,https://reqres.in/api/users/2,146,0,63
1709043639216,163,GET Single User,200,OK,Workload Config 1-182,text,true,,1182,96,12,12,https://reqres.in/api/users/2,163,0,75
1709043639264,133,GET Single User,200,OK,Workload Config 1-183,text,true,,1182,96,12,12,https://reqres.in/api/users/2,133,0,82
1709043638982,420,POST Register,201,Created,Workload Config 1-174,text,true,,901,204,12,12,https://reqres.in/api/users,420,0,0
1709043639306,128,GET Single User,200,OK,Workload Config 1-184,text,true,,1182,96,12,12,https://reqres.in/api/users/2,128,0,70
1709043639015,430,POST Register,201,Created,Workload Config 1-175,text,true,,900,204,12,12,https://reqres.in/api/users,430,0,0
1709043639025,448,POST Register,201,Created,Workload Config 1-176,text,true,,901,204,12,12,https://reqres.in/api/users,448,0,0
1709043639355,139,GET Single User,200,OK,Workload Config 1-185,text,true,,1182,96,11,11,https://reqres.in/api/users/2,139,0,79
1709043639079,437,POST Register,201,Created,Workload Config 1-177,text,true,,897,204,12,12,https://reqres.in/api/users,437,0,0
1709043639405,165,GET Single User,200,OK,Workload Config 1-186,text,true,,1182,96,12,12,https://reqres.in/api/users/2,165,0,87
1709043639159,439,POST Register,201,Created,Workload Config 1-178,text,true,,897,204,12,12,https://reqres.in/api/users,439,0,0
1709043639454,152,GET Single User,200,OK,Workload Config 1-187,text,true,,1182,96,12,12,https://reqres.in/api/users/2,152,0,76
1709043639193,418,POST Register,201,Created,Workload Config 1-179,text,true,,897,204,12,12,https://reqres.in/api/users,418,0,0
1709043639504,133,GET Single User,200,OK,Workload Config 1-188,text,true,,1182,96,11,11,https://reqres.in/api/users/2,133,0,86
1709043639290,417,POST Register,201,Created,Workload Config 1-180,text,true,,897,204,13,13,https://reqres.in/api/users,417,0,0
1709043639604,103,GET Single User,200,OK,Workload Config 1-190,text,true,,1182,96,13,13,https://reqres.in/api/users/2,103,0,59
1709043639555,156,GET Single User,200,OK,Workload Config 1-189,text,true,,1182,96,12,12,https://reqres.in/api/users/2,156,0,74
1709043639316,440,POST Register,201,Created,Workload Config 1-181,text,true,,897,204,13,13,https://reqres.in/api/users,440,0,0
1709043639657,155,GET Single User,200,OK,Workload Config 1-191,text,true,,1182,96,13,13,https://reqres.in/api/users/2,154,0,83
1709043639380,437,POST Register,201,Created,Workload Config 1-182,text,true,,896,204,13,13,https://reqres.in/api/users,437,0,0
1709043639399,430,POST Register,201,Created,Workload Config 1-183,text,true,,897,204,12,12,https://reqres.in/api/users,430,0,0
1709043639705,246,GET Single User,200,OK,Workload Config 1-192,text,true,,1182,96,13,13,https://reqres.in/api/users/2,246,0,73
1709043639434,519,POST Register,201,Created,Workload Config 1-184,text,true,,897,204,13,13,https://reqres.in/api/users,519,0,0
1709043639755,198,GET Single User,200,OK,Workload Config 1-193,text,true,,1182,96,13,13,https://reqres.in/api/users/2,198,0,68
1709043639495,461,POST Register,201,Created,Workload Config 1-185,text,true,,897,204,13,13,https://reqres.in/api/users,461,0,0
1709043639572,418,POST Register,201,Created,Workload Config 1-186,text,true,,897,204,12,12,https://reqres.in/api/users,418,0,0
1709043639805,226,GET Single User,200,OK,Workload Config 1-194,text,true,,1182,96,12,12,https://reqres.in/api/users/2,226,0,152
1709043639607,439,POST Register,201,Created,Workload Config 1-187,text,true,,897,204,12,12,https://reqres.in/api/users,438,0,0
1709043639856,199,GET Single User,200,OK,Workload Config 1-195,text,true,,1182,96,11,11,https://reqres.in/api/users/2,199,0,161
1709043639906,149,GET Single User,200,OK,Workload Config 1-196,text,true,,1182,96,11,11,https://reqres.in/api/users/2,149,0,107
1709043639637,431,POST Register,201,Created,Workload Config 1-188,text,true,,897,204,12,12,https://reqres.in/api/users,431,0,0
1709043639955,129,GET Single User,200,OK,Workload Config 1-197,text,true,,1182,96,11,11,https://reqres.in/api/users/2,129,0,93
1709043639711,438,POST Register,201,Created,Workload Config 1-189,text,true,,896,204,12,12,https://reqres.in/api/users,438,0,0
1709043639708,441,POST Register,201,Created,Workload Config 1-190,text,true,,897,204,12,12,https://reqres.in/api/users,441,0,0
1709043640004,151,GET Single User,200,OK,Workload Config 1-198,text,true,,1182,96,10,10,https://reqres.in/api/users/2,151,0,81
1709043640057,148,GET Single User,200,OK,Workload Config 1-199,text,true,,1182,96,10,10,https://reqres.in/api/users/2,148,0,68
1709043639812,426,POST Register,201,Created,Workload Config 1-191,text,true,,897,204,10,10,https://reqres.in/api/users,426,0,0
1709043640106,147,GET Single User,200,OK,Workload Config 1-200,text,true,,1182,96,9,9,https://reqres.in/api/users/2,147,0,59
1709043639952,438,POST Register,201,Created,Workload Config 1-192,text,true,,897,204,9,9,https://reqres.in/api/users,438,0,0
1709043639953,453,POST Register,201,Created,Workload Config 1-193,text,true,,897,204,8,8,https://reqres.in/api/users,453,0,0
1709043640031,433,POST Register,201,Created,Workload Config 1-194,text,true,,895,204,7,7,https://reqres.in/api/users,433,0,0
1709043640056,412,POST Register,201,Created,Workload Config 1-196,text,true,,901,204,6,6,https://reqres.in/api/users,412,0,0
1709043640056,430,POST Register,201,Created,Workload Config 1-195,text,true,,900,204,5,5,https://reqres.in/api/users,430,0,0
1709043640085,426,POST Register,201,Created,Workload Config 1-197,text,true,,901,204,4,4,https://reqres.in/api/users,426,0,0
1709043640155,441,POST Register,201,Created,Workload Config 1-198,text,true,,901,204,3,3,https://reqres.in/api/users,441,0,0
1709043640206,412,POST Register,201,Created,Workload Config 1-199,text,true,,901,204,2,2,https://reqres.in/api/users,412,0,0
1709043640253,423,POST Register,201,Created,Workload Config 1-200,text,true,,901,204,1,1,https://reqres.in/api/users,423,0,0
